Neuron Num,-1.8849555921538759,-0.942477796076938,0.0,0.9424777960769374,1.884955592153876
Neuron 0,1.808426455541176,0.3510102805093711,0.17069971525895647,0.09307908922846181,0.05849904621467985
Neuron 1,1.6590292227797556,0.26054164159454907,0.12797737422843022,0.052482295864941256,0.01934927177903565
Neuron 2,2.0196774716724364,0.39341694272282607,0.22154412691886202,0.15335039742190218,0.11630516521997429
Neuron 3,0.22926663330161223,0.17377976342472543,0.11922784285597482,0.06073566537680086,0.030467043743675492
Neuron 4,0.1401492116476064,-0.19132965484614506,-0.1413931513839421,-0.009372492643231438,0.027356881106537376
Neuron 5,2.2969124037688613,0.33268140810544167,0.16074369296401952,0.09882964950100728,0.06173715478235943
Neuron 6,2.0927552969864642,0.3345613000097601,0.17507634560451643,0.08608381412402372,0.05678275204379603
Neuron 7,0.14526884328558054,0.18756702649990525,0.3093757109442101,0.18938965047344394,0.004014348086695537
Neuron 8,2.0396143131941935,0.37949197820805775,0.20889626832179062,0.1480062694841937,0.11345496951595599
Neuron 9,0.12884519442390624,-0.0013818080763629685,-0.0012288376019390557,3.045068960924699e-05,0.00012142513920739313
Neuron 10,1.8730104963034704,0.4031732246123036,0.22476787802874512,0.15361195295142072,0.11296822131345588
Neuron 11,0.17529508959999449,0.01588150807490716,0.022364310609700826,-0.0018885676493140312,-0.0006522375931279623
Neuron 12,3.983265415587541,0.5339020502871326,0.316247564935728,0.1452359609514778,0.09985300988893708
Neuron 13,0.6797827104304799,-0.27603318120478076,-0.24121081368480865,0.012636806011559813,0.0672740333230313
Neuron 14,2.0017586571330788,0.40452560459649445,0.22455980065659165,0.15325141370203907,0.11675014264546663
Neuron 15,0.6455876641167856,-0.19275607681021184,-0.18457871212036053,0.058050710720417516,0.019876219661540875
Neuron 16,0.14467140410891194,0.029556330498841085,0.03290830990785471,0.018703889591294244,-0.0015247143829582926
Neuron 17,2.0346642891318045,0.39550898239436244,0.21443190264995046,0.14322949987431624,0.10660060635989747
Neuron 18,2.410829133728706,0.009302937493248615,0.45936743072388325,0.317834505850869,-0.10116047391645634
Neuron 19,0.07489636256229913,0.01938026016069971,0.06024923238870066,0.018630350534228474,0.0039732833491056664
Neuron 20,0.20767545645571844,0.3582344173263645,0.24920592524898727,-0.045849436489931866,-0.08220411567332474
Neuron 21,0.6353633456678329,-0.02140079374692459,-0.04487795626865611,0.029465493394493333,0.0027074252869537757
Neuron 22,0.14661392217462757,-0.007181051234355104,-0.006269469691391743,-0.00012682260932136828,0.00043100716021597765
Neuron 23,1.072094207113879,-0.043856986046951416,0.028044104760824046,0.02585585699068747,0.021313973135156056
Neuron 24,1.5479888157585933,0.042193824751048985,-0.11223712259253452,-0.06315064197637661,0.03803463547406093
Neuron 25,1.8983414562115613,0.36638798313930376,0.18930370007647937,0.12272721124641954,0.08585741698244308
Neuron 26,-1.0696243929553646,-17.897607789680762,3.1333993600301726,0.060380418535944766,-0.75631833068298
Neuron 27,1.834519019084407,0.3498961894843529,0.19629997630882687,0.11070775804874543,0.07289684985953732
Neuron 28,0.49195592733086707,-0.04302480094300057,-0.058766752927820104,-0.048163619945767976,0.028471234725514296
Neuron 29,2.0279051709296607,0.3593724034929531,0.21405624754945027,0.15793914174996226,0.11745950894541735
Neuron 30,-0.22592628335439888,0.024985666914009295,0.050961379863371195,-0.07025316684670078,0.008351672991456813
Neuron 31,2.5364266732991223,0.4393578434649781,0.2493212125220375,0.1412463307056922,0.11040964139099287
Neuron 32,0.22515043030083665,0.00989926251310469,-0.010014518288092245,-0.007791924375434682,0.0036797760413352426
Neuron 33,0.6864118029314364,0.3796117183474006,0.4884365426264513,0.25258470830347024,-0.024332961022385663
Neuron 34,0.5167662782604533,-0.017201753617751503,0.1558198914054849,0.09547335484618737,-0.08362703762313559
Neuron 35,0.5383132307988284,-0.15615267400687244,-0.10299909824414866,0.0400981028451132,0.09423498961615738
Neuron 36,-0.36401020841763115,0.32596544692577145,0.8894229916052796,0.24742319701497856,-0.02615431762035825
Neuron 37,0.8340819244534848,0.8574076256750688,0.9712203401289137,0.6211319705048908,-0.021744715620475225
Neuron 38,1.3901083787856692,0.14899811195492485,0.004393748510904481,0.02088419598158637,0.015547522506142678
Neuron 39,0.16955168369686965,0.18928215462484435,0.4332721285818929,0.13270267662921348,-0.03409218389327106
Neuron 40,0.1446756189370245,0.0041149807843105755,0.00393990615079255,0.0015601634114752157,-0.0004983429209509052
Neuron 41,0.12005272243925486,-0.04450325755542038,-0.05856079238836041,-0.012779057498676919,0.010138187893187158
Neuron 42,1.9593989184830272,0.39552748717140657,0.21961761571400304,0.15191999258627098,0.11554341974314036
Neuron 43,0.3077406370521544,0.19047403918490494,0.17340001766941535,0.06401470961201923,-0.008145660384221994
Neuron 44,-0.9845641857924378,-20.31396074219878,9.041474676967646,-1.040154188812606,-0.581501553157387
Neuron 45,1.957333573395311,0.3959729497068435,0.21963713849101352,0.151483715664435,0.115616363039377
Neuron 46,2.607203606379062,0.4280448773920698,0.23237435039868276,0.15793985095780322,0.11966127363742907
Neuron 47,0.00023096704585868095,0.008619625673722995,-0.04138094634399131,-0.005630934388596434,0.005757520390840331
Neuron 48,2.606960685910149,0.40747381240864544,0.2237407063894492,0.11171582364804046,0.07039410536918175
Neuron 49,0.3535337183022511,0.06243963856082702,0.06327040523374493,0.07644507427816488,0.014467038576585543
Neuron 50,1.8314752761283024,0.3454050419769804,0.17610258387718664,0.10346890472115594,0.06738222890838369
Neuron 51,0.11145160309218512,0.17489583582344115,-0.09989196004978472,-0.1382119514687241,0.04169269611004412
Neuron 52,1.951050121628158,0.3877406139674636,0.21370326422769187,0.14533462710813522,0.11071920098218617
Neuron 53,0.07404287853225613,0.11647141025577215,0.17759785402642145,0.0822813282231071,0.00012184564416991145
Neuron 54,0.5701051998582494,-0.06580023258343086,-0.041588719917880476,-0.06553380936579789,0.038594956754885515
Neuron 55,0.1672486948961972,0.2747335658248998,0.761171434642896,0.35774431995688405,0.0012547718804460412
Neuron 56,0.745882630249184,0.21275737677548395,0.13894084257622788,-0.20466195065807596,0.019400804023187317
Neuron 57,0.6618862335763528,0.06882214205615948,0.03309517461427612,0.0072349479381604645,-0.061018278918939274
Neuron 58,1.8855131789272577,0.3513682308727321,0.169161634954691,0.11619734680856386,0.08964492465833164
Neuron 59,0.058916407817049966,0.0205212911844695,0.14735628504983855,-0.04094734997207003,-0.019778690790400573
Neuron 60,0.7209492457407396,0.0555948022857556,-0.18114853809841067,0.045334116835550636,0.05024491035401147
Neuron 61,2.645631862501475,0.44011913788734797,0.2525655413586611,0.14711890259377358,0.11505717819213501
Neuron 62,-0.0032890497499503033,-0.00961539206127046,-0.06098901533903834,-0.12497944709885725,-0.021666835864238957
Neuron 63,-1.678781816363132,0.8035897922384976,0.3714426158171657,0.009968851461022677,-0.22602953314090235
Neuron 64,0.6742726338413331,-0.004655384871448067,0.16902318297260227,-0.019375766597604774,-0.09228866278555649
Neuron 65,0.48698050844854446,0.16531256641008024,0.26485100450709537,-0.027821639230556007,0.019416740291756125
Neuron 66,1.3954789153557132,0.07137329602219104,0.38510711514003915,0.042752828184662015,-0.1244942925305324
Neuron 67,0.33416432142398395,0.14847422319304807,0.22435951068914786,0.02174435898890328,-0.017753142319078846
Neuron 68,0.46805638382256926,0.37655229478636737,0.4114222701784986,0.19399175491212065,0.0011262330810209555
Neuron 69,0.12844429538593202,-0.0015128720175027078,-0.0026325640575306565,-0.00019597078299977492,0.00036714583983659695
Neuron 70,-0.3219597553739957,0.2518322473134214,0.093943344396903,-0.11860228127489227,-0.1830532040124752
Neuron 71,1.8516687186945002,0.38090178420931103,0.2131189129600104,0.14746422176726814,0.11631852406201541
Neuron 72,1.90810558026247,0.37237527110846125,0.20198313171650506,0.13376505700666505,0.09478538966185265
Neuron 73,0.1373886084900305,0.00035263896570302873,-0.0001729273137444998,0.000976726474293942,5.600724006428145e-05
Neuron 74,1.2980186313233528,0.2564660724440412,0.11168387082553888,-0.13953495481368094,-0.08222090335979854
Neuron 75,2.0543783687594925,-0.014843544257785155,-0.030754459627609452,0.010071542896658117,0.005644649586787035
Neuron 76,0.11949341762205512,-0.0025920970283128592,-0.0008636548979256896,0.0002803654799535104,0.00028079398622518414
Neuron 77,1.9573916853108464,0.3959674369231701,0.21968730682733578,0.15176933220293867,0.11528482418170415
Neuron 78,0.83840054977397,0.16210872482213082,0.4886095871302338,-0.04177508188970054,-0.017523137897706813
Neuron 79,1.271117907827865,0.16271320437697456,0.01806045465957408,-0.01358229910231584,-0.0005356919060365616
Neuron 80,0.583544139785733,-0.0761747774498052,-0.10991239518608972,0.012454440796011143,0.03274287823222945
Neuron 81,0.11463033503118997,-0.00027330718829763685,-0.0005968232020662051,-4.2205750445813245e-05,6.64916155423667e-05
Neuron 82,2.9233202526414144,0.41107222889029643,0.1928334230069769,0.10950300270675703,0.075731336714266
Neuron 83,2.2795538525306402,0.4512354953566145,0.24988818214387093,0.16433230265975615,0.11066186558829062
Neuron 84,0.7706056420547135,-0.17508547634863547,-0.23771486652385548,0.0626221139929756,0.06970537385104182
Neuron 85,1.7598141463319725,0.30429472415659026,0.14625344363846796,0.09240412720152152,0.055469749538920546
Neuron 86,0.11649552873962371,0.01711682306731227,0.016172237010712902,0.005972919134237829,-0.0022593278757942043
Neuron 87,0.23036653507006213,0.1485800867026653,0.17756598001725107,0.014790663670402373,0.0077338132578333154
Neuron 88,1.3191772785169564,-0.14387486562801788,-0.11766659901452241,0.05889636097127068,0.030656062813179077
Neuron 89,1.7852977777895014,0.3298101676864601,0.16194432494184735,0.08722118143774442,0.04783680178076174
Neuron 90,2.8266056924987444,-0.5120090294131849,-0.5266879085198414,0.003785105400623951,0.0036998859373418313
Neuron 91,0.10524464054707461,-0.006218163500015622,-0.004928269646371324,-2.8323304039032093e-05,0.00032427969486989905
Neuron 92,1.757270619527118,0.3102223638828284,0.12958063187907976,0.05917253100630854,0.035835361123274324
Neuron 93,0.8123906461493235,0.26667775607850813,0.10801941351983606,-0.055705821790356824,-0.10240694848781312
Neuron 94,-0.9093343890058082,8.208198272978503,6.603809113225526,0.5716268390110824,-0.18527648659537518
Neuron 95,-0.10789739581976006,-0.005296338324182446,-0.3332491154292547,0.002114831380448068,-0.022711183431085694
Neuron 96,1.401958134032558,0.22600462317150133,0.10355583025100652,-0.01959125432456286,-0.04431891083579919
Neuron 97,0.13620375711210445,-0.0023147036178741255,-0.0024296141424759547,0.0009654159608701318,0.0003177510142099111
Neuron 98,0.144428249324127,0.25275048502866343,0.18343488243444925,0.0340676521139361,-0.0016142993356160632
Neuron 99,3.280284821252517,-0.413309244700795,0.7574254315360264,0.6353144718293489,0.07793550798650549
Neuron 100,0.2333577482976585,0.20146786433993838,0.5440541774898571,0.21728493440708782,0.12894748915604165
Neuron 101,0.12047356657664832,-0.0020814765676585504,-0.003049398141695868,7.872740186247437e-06,0.00021938724460573463
Neuron 102,1.0136817599423356,0.20803836124904468,0.11905331235433643,-0.01715788076862097,-0.15059865935177608
Neuron 103,2.289289285028348,-0.3011901179093601,-0.3861281221329744,0.2122297466187432,0.039330234882186475
Neuron 104,2.563181791001341,0.36952164015193867,0.2049182675779926,0.09500158072727401,0.06435188988967354
Neuron 105,2.760389584767462,-0.1538742653198912,0.43160641270940253,0.10795175303898882,-0.015341572771008833
Neuron 106,1.712331583517479,0.3067300344392881,0.1542281157725563,0.053904956426126076,0.02799369307739725
Neuron 107,1.2353501500196176,0.41198198793359725,0.2256849669601089,0.12330417357984776,0.0915687939188299
Neuron 108,-0.011051664767283805,-0.10627170246746585,-0.2473112051258363,0.006687274336407353,0.0029065548420804895
Neuron 109,0.6260756015530624,0.47294682161538887,3.2191003269130345,1.4839755391296259,0.017788453377580112
Neuron 110,1.6005716764566873,0.2376964372839718,0.1105141673985571,0.009389921672866453,0.03906415649821037
Neuron 111,0.3906685309319658,-0.0560238441011883,-0.3810168504117296,0.10817453667530802,0.01115971836252314
Neuron 112,0.25895450772028183,-0.04365780226453597,-0.09560864920416538,-0.02868403145820008,0.008167767596593265
Neuron 113,-5.65701264836829,-0.3170380763445507,-0.42247235942980566,-0.025726049289616023,-0.023920221043702176
Neuron 114,1.8863390898270778,0.3642783571874765,0.1885916110896566,0.12183436109616878,0.09435340276891026
Neuron 115,2.13732842268454,0.1276414687044416,-0.32683382375309333,-0.42800202715962843,-0.03155151708289799
Neuron 116,1.7573152323847896,0.3074438558360119,0.15388821648835713,0.0658704042421917,0.04423954491661052
Neuron 117,1.9195544114699599,0.39347746702507225,0.2205596283664647,0.15304068519855643,0.11719652462185366
Neuron 118,0.05537266750974494,-0.1366198845927547,-0.16039166917122613,-0.02542428473572104,0.028803598778531805
Neuron 119,0.414068060489216,-0.03279233278852605,0.026650370302483534,0.12065579798612917,-0.003940469643605177
Neuron 120,0.1742424182278158,-0.001962104162324526,-0.0023603265204137675,0.001804947868415478,0.0009888249288084348
Neuron 121,2.088489128850694,0.39235594937989715,0.2115245845042165,0.14218326163875777,0.1073918816551044
Neuron 122,3.4250477978213683,0.43734510056422854,0.23895423254777318,0.16936165398522685,0.11862938981746386
Neuron 123,3.03208928646633,0.36761596515925843,0.23173995757657517,0.054580962406377956,0.033958819587192775
Neuron 124,0.7682138448021428,0.08832730075261684,0.13181015996176626,0.06466983773693494,-0.1167963828466575
Neuron 125,0.0737355297857968,-0.07082464060862764,-0.08748062112215058,-0.014883181228858223,0.007722956000889139
Neuron 126,1.8484906690896021,0.34894539218249315,0.173625077402641,0.1153221342452326,0.0812244215993481
Neuron 127,0.29552742944733207,0.07790759578371063,0.05442668551427997,0.027640290276732298,0.007621018464753301
Neuron 128,0.5213147412141069,-0.20740476874618347,-0.3041115025471777,-0.013337502166925736,0.04963138040049367
Neuron 129,0.6274685690640796,-0.20317697397942672,-0.16580601268130002,-0.04615965911224408,0.06336534898982207
Neuron 130,0.46753272748478414,-0.03403751237875337,0.424399580460428,0.11049791367572835,-0.08827607659779325
Neuron 131,0.11089046005558359,1.311971424665464,1.9736481605282632,0.01650970257927481,-0.20155882569241487
Neuron 132,1.945963937582012,0.39384015976805914,0.2191118482024364,0.15305228200689144,0.11722564389059174
Neuron 133,0.49618975422435074,0.06788979160250175,-0.025036302358905565,-0.003505163157576089,-0.01139268923658904
Neuron 134,2.9075003203014447,0.48938631320100423,0.25940990605844727,0.1460230670479882,0.0939107706760224
Neuron 135,0.5507890836444481,0.038492123136530346,0.015323891663399876,0.06313768240447157,0.030250100988190677
Neuron 136,0.3612572506683582,0.13677906368307202,0.3048603975627889,0.005691777219983257,-0.0245171055655163
Neuron 137,0.8185817904976366,-0.08229295722392584,0.11913123393609829,0.17256080897042272,-0.0079174283328099
Neuron 138,0.2773997014015523,0.03406581575128082,0.29510978546503186,0.09481446987689084,0.08375474463686688
Neuron 139,1.4419705996368726,0.1703680471735947,-0.013574295547672987,0.04346049321074195,-0.07122209904745137
Neuron 140,0.2412729880490295,-0.001315001988676119,-0.005696347987775987,0.00034504152484653497,0.0002055563786822257
Neuron 141,2.394696224651244,0.4278239545780744,0.2325984333286009,0.14947865350661071,0.11269766824420524
Neuron 142,0.1766139928983393,-0.0031771540711910354,-0.004204182700826737,0.0006157984174248444,0.00021484386342768914
Neuron 143,1.646254631567858,0.26692252756080026,0.12481872112807922,0.03182847536496376,0.015374925608945062
Neuron 144,1.557116305022922,0.21633942736242123,0.07928133601141803,0.04091424350828364,0.033053654473457456
Neuron 145,0.15855160704840546,0.6425597426079721,1.5663338995890237,0.03369682024258739,-0.05956267623828809
Neuron 146,0.09323347470970506,0.039844128040249734,-0.05345976733032567,-0.027023500944607103,-0.006593351780417639
Neuron 147,0.20150059841695306,-0.06189130354367736,-0.13642781955262187,-0.000611364023145412,0.01151514549694173
Neuron 148,3.577835053285243,0.32301199441314,0.1232100536554693,0.012268025965685348,-0.014886989053334994
Neuron 149,0.18399655176772675,0.034728859106587795,0.035591919298806104,0.01504878919794718,-0.0007304486304323562
Neuron 150,0.7457615994897917,-0.25217869671293336,-0.21747960960466653,9.052084099578173e-05,0.059683894265370144
Neuron 151,1.9250375132611597,0.3798860908058641,0.20527345791559923,0.13882214352825856,0.10473487977791496
Neuron 152,0.6900017982708926,0.13427365902598815,0.1350064645566911,-0.01868228630245433,-0.07913509102825647
Neuron 153,0.3734519883820144,-0.24875532866310476,-0.2239177481664327,-0.09509209533346506,0.07961892325929232
Neuron 154,1.9602946342513579,0.3959026383828627,0.22036166261499426,0.1528916282343041,0.11706742861217641
Neuron 155,0.44412261878001824,0.13879581392658577,0.08165315278676968,-0.032863249815353275,0.027045127749541674
Neuron 156,1.276625373880276,0.16630329138915353,0.1630509246105285,-0.05366838051028365,-0.09793240008690418
Neuron 157,2.650603549160082,0.1981528407349684,-0.010515153810834312,-0.009312284711902135,-0.028436877141645975
Neuron 158,3.185323271040171,0.47487587930053315,0.284510332306303,0.14395747287890795,0.10212300660190946
Neuron 159,0.14691721480613223,-0.005897789253348274,-0.0035939774442368625,0.004589894285042744,0.0006407635913180183
Neuron 160,1.9367199193322473,0.3869574499248012,0.21620471132011357,0.14687278006301388,0.11181279752461502
Neuron 161,0.7013346498974904,-0.27509807572021233,-0.23030363099945556,-0.07304337225122273,0.09081368137270593
Neuron 162,2.401263897705087,0.39359305996704097,0.17131594784814466,0.07002659390653465,0.02936282851679882
Neuron 163,-0.9137210459656883,0.8136519726662,2.023360307439772,0.2500686528241152,-0.07128675595088067
Neuron 164,-0.60674367706203,0.2861709382077018,0.6277888759222026,-0.06625549912910882,-0.05179411295549185
Neuron 165,0.17772066563893954,-0.02848423158668208,-0.03188863518747093,-0.056695166765013245,0.00757847854899278
Neuron 166,2.270857157175099,0.3898680372921523,0.21555678435523012,0.15144593233606973,0.12306726325088639
Neuron 167,0.8603687995105855,-0.2616990442015709,-0.17104147429206698,0.029017567903530248,0.05964332826348303
Neuron 168,-2.998815623858888,-0.034283687594548126,0.16585121707371844,0.20484611777961337,0.029582852796932933
Neuron 169,1.2902395730078944,0.06579308749958676,0.004188549067491985,0.05330933674967658,0.010816662269278167
Neuron 170,2.986361106847306,0.5457255203143111,0.38091534770021857,0.14164922784463596,0.09480742418258377
Neuron 171,3.5327529777692277,0.501215350119432,0.25878140964162977,0.1603224543364669,0.1068914880544363
Neuron 172,5.766267248476346,0.8052944525090727,0.7029625467602659,0.07903520766446354,-0.09368046395272528
Neuron 173,2.1081036829927595,0.404568935717235,0.2170215533054123,0.14838487986432405,0.11067875443889719
Neuron 174,1.7365958532797146,0.36910924065606465,0.21657568340686453,0.13462656157739245,0.09821725609763984
Neuron 175,2.243297610309423,0.4026941931845869,0.21827696134076363,0.14829241474167826,0.11194810537609338
Neuron 176,0.29535235158622763,0.32594094942058555,0.1394725467999027,-0.2208025536146895,0.02540151482362721
Neuron 177,0.6290799811543684,-0.07228084521300505,0.005419777732635638,0.03810589516577007,0.02176670483740099
Neuron 178,-0.9062408581691862,-1.3742386112436584,14.224555834834472,0.27585872401111744,-1.2824179992818205
Neuron 179,0.3879720775695243,-0.06274190544529912,0.09359980359447431,0.03780718085139089,-0.07230522259929807
Neuron 180,1.8246824859789386,0.31870272352111895,0.15517870863182842,0.09503672110863683,0.0678486580680527
Neuron 181,0.4820344255209059,-0.23215450103197705,-0.1964934265508756,-0.009283891150267027,0.06867318562422366
Neuron 182,1.6013594212135926,0.2977248796274564,0.18112033761065466,0.05423880424186633,-0.0152813169785107
Neuron 183,-0.5084983387927356,-0.13775376310893786,-0.1598688529790605,-0.17501022337191458,-0.011639021005327934
Neuron 184,-13.239634871724965,0.6972909246531275,0.17779421403984005,0.018228667663676375,-0.12644184468181266
Neuron 185,1.417475387726053,0.3088459922825727,0.24382977142095563,0.05378439808508323,0.02655235096424373
Neuron 186,-0.11993767296352469,0.5350178721005704,1.0188808762903994,0.1691148434223312,-0.041413546721427275
Neuron 187,1.9630209878828964,0.3928666779220021,0.21488053055125114,0.1443636476470907,0.10758983519322474
Neuron 188,0.9288630890711369,0.14203919275098023,0.026265456171246118,-0.06788081592544501,-0.030641892941234174
Neuron 189,0.48801229319029443,-0.0909512881823145,0.01588999115166641,0.011929414218753173,0.038443798475410275
Neuron 190,0.13810682323119566,0.0018733362853371469,0.002492981607743459,0.0008618227027840258,-0.0006063694053352919
Neuron 191,0.2228248135256976,-0.0023703215195442105,0.0007129396907065779,0.008720329307448765,0.002004398131343214
Neuron 192,0.13816300676748358,0.6469123762773482,1.8102886080651313,0.0037452739555301744,-0.20868552458894918
Neuron 193,2.777379960069134,0.3511974584732298,0.16935190544349077,0.0997196276679181,0.06332611478417766
Neuron 194,1.9657375915080426,0.39831733588169643,0.22049312382438757,0.15350073481403767,0.11771112313432935
Neuron 195,1.7720442591064636,0.4443720147242501,0.276175422498339,0.141547435421101,0.1053985173154288
Neuron 196,1.054072378421049,2.6523229410481037,3.522745004377438,0.5709974585388926,-0.03165152696499229
Neuron 197,1.8423080891279278,0.3428178167132904,0.17113349813183595,0.10710497818249887,0.07667903749453711
Neuron 198,1.1556521076946873,0.27083811045549516,0.25154942906932937,-0.15071334102067394,-0.09132378250061905
Neuron 199,0.31540338114873323,0.2303604942232021,0.1379898325331833,-0.08335033610233147,-0.00424301182237456
Neuron 200,-0.6587039675175218,0.4926804518237281,0.49278154621541154,0.3189311475839643,0.0013531240852838159
Neuron 201,1.5750982631868897,0.27354739051188715,0.11356320391716185,0.020172849939760363,0.011992723340396182
Neuron 202,1.9581028975449088,0.39750501335791444,0.22119849632468705,0.1529147419957961,0.11673127261380503
Neuron 203,1.6513775288572317,0.26195423966416087,0.11676661584335576,0.053057287070022614,0.032448345836815704
Neuron 204,1.9450788794375624,0.37000935387613865,0.18625774924497335,0.12498699781495907,0.09807037735359103
Neuron 205,0.8842006905808335,0.3263257850751649,0.6631971548601084,0.1991825676963302,0.0007390580375314228
Neuron 206,1.951475716326174,0.3940767626856208,0.21811814637583848,0.14968718319013452,0.11292069353275629
Neuron 207,1.4368715928777083,0.2921818521832397,0.13149645764386514,0.08996862548843573,0.06484198867729501
Neuron 208,0.42681728464096447,0.089106283880338,0.003361563958507387,-0.05071333979728546,0.022755453696943796
Neuron 209,6.187464131732949,0.06716044033721622,0.24885920104612635,0.18323404093761414,0.027129279837099233
Neuron 210,1.8222631222228767,0.3070845717787022,0.16250311673285145,0.09730677684277608,0.06677186331893986
Neuron 211,1.7771773883817779,0.31819085733403957,0.14339096268310772,0.0943371572895116,0.04997031101446574
Neuron 212,2.02359130135581,0.3937742901410032,0.21845584308897054,0.15510442538257163,0.11849954312194327
Neuron 213,1.918812799980142,0.3599846513815475,0.18779601974405735,0.12181479993858256,0.08800433281587217
Neuron 214,1.784222979562211,0.24720728713945794,0.11266852275021798,0.02433582445509187,-0.017204337679932704
Neuron 215,1.9200369808516375,0.36837410940004284,0.19633569890409006,0.13475561076950776,0.09757591953710885
Neuron 216,1.431052028223649,0.18465747681228803,0.05692501219860107,-0.023952794897125724,-0.013912070016733794
Neuron 217,2.058257298157807,0.400626178398912,0.22243335148072957,0.15334726462931353,0.11672718560662099
Neuron 218,1.958134871986236,0.3713992779607722,0.20056646601016861,0.13427583061028614,0.10360731349447042
Neuron 219,0.45410386758221993,-0.002444594898867383,-0.01924101245520321,-0.005931954443484082,0.006930475413086225
Neuron 220,1.7609411996691562,0.31005995738825143,0.15391348067097982,0.09114280347770312,0.05362427503414333
Neuron 221,0.7294227848015111,0.8281008367475172,1.214547224867407,0.8532599489684148,0.009783217768997892
Neuron 222,-0.6968968169888189,0.18726040979530423,0.6634442350470885,0.08491328386976789,-0.17131024576725692
Neuron 223,-0.18841198407198215,-0.16135503810676655,-0.21665462954973075,0.06253764003767003,0.02071702190410471
Neuron 224,-0.10744420157496368,-0.04418165762083659,0.025526457702679597,-0.020709215582170912,-0.01700252073837367
Neuron 225,1.915515844512581,0.3725755155255316,0.20035800407954518,0.13293139691916267,0.09771200427841598
Neuron 226,1.8987221533885115,0.3827159786269175,0.1995206108324465,0.1343859852897736,0.09951728710609153
Neuron 227,6.764484335481407,0.33741567329177946,0.3201944580972036,0.07061667732934034,-0.08969979862364284
Neuron 228,1.2492699416151845,-5.558795591400541,-6.619192523344219,-13.041845891631299,0.15197644767400595
Neuron 229,0.030381129078600883,0.053365662783694714,0.004038090041669235,0.0175950451916159,0.015894055735571455
Neuron 230,0.12772564451184715,-0.004921259301615414,-0.008432325259322993,0.000613375538881688,0.0007923422763367952
Neuron 231,1.550300581548251,0.14963177122144028,0.04274114589836751,-0.08439885347486922,-0.0008460102979678109
Neuron 232,1.9361115065185408,0.37819836757657815,0.20145734818456024,0.13368498208032248,0.1006707860188451
Neuron 233,1.7691012225283247,-0.17468589347533903,-0.14784596909312608,0.16234364261176773,0.02042849028819002
Neuron 234,0.23165110312376624,-0.07033354925573786,-0.06803879326145276,0.012474428515290186,0.016930624603628475
Neuron 235,0.43700310373911694,-0.16381301078176333,-0.01757248631688898,0.05403637865571508,0.03066899386923146
Neuron 236,1.5270108772158275,0.18439583212265223,0.08012729932212675,0.05524054226751789,0.01427254150191272
Neuron 237,7.8318734421587575,0.22446165167298127,0.18697527643519868,0.050418308780661926,-0.16437133950366808
Neuron 238,1.3619487537658939,0.17933141644142497,0.031087198270646793,-0.03945365535842749,0.016545899619268282
Neuron 239,0.9138378714192636,0.0691745757841662,-0.09694974938073452,0.059733182488248174,0.0030539405628783154
Neuron 240,-0.19706127382497965,0.23277343140679996,0.5047641607990861,-0.01821210008269426,-0.01290609047356455
Neuron 241,1.0203093017951868,0.017233712411244932,0.1151761181897581,-0.05444070236899002,-0.012826931311179669
Neuron 242,0.16794075907482334,-0.02802756050690454,0.030131093093096643,-0.000825249560287729,0.009265401012398384
Neuron 243,0.16847431762030032,-0.003607403801956292,-0.0029812223438264464,-0.0024751928474160776,0.0011293206491514369
Neuron 244,0.10155246826648469,-0.01939107988795443,-0.0057425094470220294,0.00889290872576161,0.0008489411332146587
Neuron 245,1.7908260828927618,0.3134199066290498,0.16146994144589266,0.091727680188154,0.050909876807590425
Neuron 246,2.277767889594147,0.4090142675521769,0.21440376617861534,0.1481427780494553,0.1136776351453293
Neuron 247,-0.710614440253864,1.9657793092678502,2.8298848017776628,-0.9138709427397123,-0.15995037592402733
Neuron 248,2.090762789829414,0.4107656688349573,0.20725124399624006,0.13783331286180306,0.10377368726713432
Neuron 249,0.12744573422655864,-0.0007579017846236841,-0.0016204917745460405,-0.0003984800722751154,0.0001135961638534768
Neuron 250,-0.2844526280025626,0.19133721727961725,0.3833117889836692,0.19694406518998045,-0.012163546675307524
Neuron 251,2.6446915831614985,0.382565141705289,0.1705476828624332,0.10844313193616402,0.05076529015477421
Neuron 252,0.07717772979326186,-0.014894107554394314,-0.03599157642311821,-0.003925713482516922,0.0010240993096311164
Neuron 253,0.5788275200629336,-0.22421534188704523,-0.18178607667929483,0.007363810694984225,0.03458361334724629
Neuron 254,0.48513525126347273,0.2538988217956722,0.4670908591879472,0.0949688277081405,-0.03183114390873671
Neuron 255,0.19179799523171417,0.500971793225465,0.4697377170630319,0.161189121155131,-0.01712416097744579
Neuron 256,-0.07844785651843501,2.273783092028561,3.941188498715193,1.5151139179127797,0.002503013878306896
Neuron 257,0.4662272814143869,0.0026106117405649866,0.0704948029923207,0.08312943525693117,-0.005068165426545982
Neuron 258,0.0392927089993333,0.21478058757146018,-0.03222766198890664,0.08915617983271668,-0.027015631254007064
Neuron 259,2.5236668743299058,0.42633636637366984,0.24942099492304756,0.11804091719691055,0.07219371062789769
Neuron 260,1.970791933216852,0.39729113282804823,0.22019749700901642,0.1522925944468365,0.11632763338460926
Neuron 261,-0.09306665667947624,0.1349208521198494,0.2994352422160644,0.010151403958256578,-0.0044356763014273505
Neuron 262,1.8156209508232737,0.32222256102145647,0.17244057609288774,0.10610318423488757,0.07222765568234077
Neuron 263,1.714920510988917,0.28652175523651807,0.14830812392941367,0.06570358451332582,0.03678586653076042
Neuron 264,2.405451766790072,0.29155020943917637,0.15461576338898125,0.07182404844059222,0.01831581968328526
Neuron 265,-0.17846123277033357,-0.10208435457461215,-0.03625875902698419,-0.05603256772601823,-0.0025688016511582596
Neuron 266,-0.08185808083659114,-0.2811827938308264,-0.31683636979234187,-0.16789056008589076,0.0025003627101948664
Neuron 267,2.0074428998205827,0.30834974663967196,0.10727941784171223,0.02262712772670622,-0.02721443486549508
Neuron 268,0.09185850505509079,-0.009551541985815827,-0.1520810664876568,-0.018532518298932085,0.003812793277426072
Neuron 269,1.917256740257317,0.38475275807389153,0.21650399595433323,0.14479799052399678,0.11087105475682049
Neuron 270,0.47790988931608325,-34.12407289912023,30.141167296488536,-4.662352386119934,-0.4614243313195189
Neuron 271,1.1316379274422952,-0.08101284771603408,-0.13368955822151157,0.004278850006843213,-0.0017257476570118806
Neuron 272,1.8878665064642646,0.35632771483626197,0.16908455251576604,0.1240598997660308,0.09944160029833483
Neuron 273,0.014413179759424178,0.3487981229221251,0.4787805367591606,0.08342238912288026,-0.015059519196491861
Neuron 274,1.9342502351405382,0.38479059558958495,0.20540145594839726,0.14147659046797326,0.10812885601175838
Neuron 275,1.9418111495607238,0.38686003688224585,0.21237098763138257,0.14481163686577708,0.10952217869368422
Neuron 276,0.24870334315024203,0.08486386783788376,0.09512952787328521,-0.001134372770145673,-0.012002881992409276
Neuron 277,0.9739925138439295,0.025659198220264638,0.06375752385366806,-0.09347988328823109,0.03973334258171015
Neuron 278,1.5007975028899754,0.2599311405046565,0.11823976441495464,0.037198556885493624,0.005306438642377729
Neuron 279,0.38974814192842977,-0.0016712914462454255,-0.025483955359012316,0.015715865463368547,0.00375175434842944
Neuron 280,1.803661096632724,0.3348681074995382,0.17184475874997163,0.09219785168654641,0.06419038079581355
Neuron 281,0.03902593042713107,0.2635071626868611,0.3755387464669367,0.17852914646127055,-0.027407612157452046
Neuron 282,7.078732336776801,0.5694796339916697,0.24757580837719398,0.16014727624247138,0.10737681053789436
Neuron 283,1.9672093328592195,0.3833560082924995,0.20119181615779155,0.12819501445913914,0.09526020724660512
Neuron 284,0.09462175202481503,-0.37347176163369006,-0.6909377165277084,-0.1345556877907614,0.02927197710195446
Neuron 285,1.938459625540659,0.38957624389036116,0.21508927164043112,0.1454094030843897,0.10804812531444978
Neuron 286,0.8464288515623691,0.06429597058261328,0.044162353422741746,-0.05631851574876788,-0.03441682603435003
Neuron 287,0.2569736987713127,0.5188577690686041,0.5968259440952826,0.20670290990253876,-0.07230121059550938
Neuron 288,0.07595755613404516,0.23511222861991019,0.31705066967426876,0.28792659191763936,-0.01587419656649013
Neuron 289,0.5618244020150249,-0.039439072843605996,0.13297038567623645,-0.15018602967474073,-0.03387388849971731
Neuron 290,0.5422924640541699,-0.07050600521516498,0.08306786371287404,-0.06569255664529514,-0.0016853532730855382
Neuron 291,0.10105102548109739,0.00017971649158560017,-0.0009161806517804824,-6.72114995272781e-05,8.421561727264514e-05
Neuron 292,-0.4463310318648439,-0.15263139180075389,-0.24935394533028707,-0.31120298488669856,-0.031337066777457394
Neuron 293,-0.1545147371160347,-0.8007576827347286,-1.2589553230677637,-0.40590272822657486,-0.027074715934417386
Neuron 294,0.1350347649337657,0.0015112212633047615,0.000881832378086104,-0.0002758759699879864,-0.000840535010882173
Neuron 295,0.3148946527613817,0.03007164106365054,0.32517317947927643,0.09030388861665556,-0.003384828690380518
Neuron 296,0.2744824816032138,0.01841536246731231,0.02378692692733877,-0.014948566254376221,-0.0023370623031553194
Neuron 297,0.5739849107628501,0.3093229382775236,0.6196068198510483,0.22005668591754102,-0.05234602266604537
Neuron 298,-11.102262782509023,1.125015298828164,1.8427809893653946,0.500948027746049,-0.00867013841165697
Neuron 299,1.9049493434817149,0.3698364903478726,0.19277612425977378,0.1304857735225141,0.09907348725292937
Neuron 300,0.04330889657183435,0.1510751260293253,0.3831255965917089,0.10746136666625933,-0.007983762821605867
Neuron 301,1.3150508868451243,1.373451301089507,2.471550910014679,0.486741719136123,-0.11465842720651175
Neuron 302,1.9539572873927356,0.3938111931688685,0.21794897639817734,0.14909817168581502,0.11306316020459631
Neuron 303,0.08519978465612826,-0.04913527065036365,0.023869283641498498,-0.09442992631597828,-0.0251130145928535
Neuron 304,1.782268380918795,0.3220400567867302,0.15238271462794253,0.08783458965184147,0.053998447787849506
Neuron 305,0.008014206762962056,-0.04355103803634475,-0.08386132486876673,-0.02751299378608639,0.003691648734488543
Neuron 306,-0.4503181061912306,-0.6501324535623954,-1.8398507702995839,-1.4067862509229676,0.03301507467435254
Neuron 307,2.9537847390504393,0.4445045356945766,0.26822027718619007,0.15525006298436397,0.10837191099329667
Neuron 308,-0.3240919248661615,-0.16700579781744593,-0.28096496313822006,-0.21566602099177726,-0.06492007223111619
Neuron 309,1.9573860121563473,0.3965596983955065,0.2202123762235834,0.1522253715394235,0.11623694794277925
Neuron 310,1.9331732555472005,0.3639400888939163,0.19354651002883777,0.12578122893246985,0.09781094124394152
Neuron 311,0.042768112593299296,0.02196448932962044,0.2704163303153573,0.08282054220267863,-0.029280833397906512
Neuron 312,0.17179960734837152,0.13839892913854407,-0.09432479763193659,0.07116973687594337,-0.02642344539366973
Neuron 313,-0.00602578757024769,-0.5015587176787132,-1.3230140682408424,-0.6158285644838014,0.011101675978518202
Neuron 314,1.9083440322090637,0.3571861873116919,0.180678408527345,0.11999016327620095,0.08951413199157354
Neuron 315,0.0871364378516819,-0.06400804118754219,-0.1583292516337303,-0.06502374817130695,0.004347041880536279
Neuron 316,-0.334102633065673,-2.259491559177508,-3.3519210374933475,-2.0103049361908183,0.001161383904178731
Neuron 317,-1.1832210260009528,2.678584978489384,-1.8061156740374673,-5.596651612453534,4.147427778234011
Neuron 318,1.9601482397199446,0.39787532657465685,0.2212743611653017,0.1532068189327606,0.11725015911714853
Neuron 319,0.40764378940281054,0.4116257312944211,0.45821727795193135,0.20858461726355923,0.010333447839104075
Neuron 320,1.466883480678584,-0.08705113417528733,-0.1594410533186556,-0.025087536692548273,-0.006007831360511524
Neuron 321,1.9347503802587924,0.3861730402277765,0.21218507445978704,0.1424362726981337,0.10587727174284546
Neuron 322,2.6900748103004037,0.4090742030058921,0.2121260883646451,0.14920028332829027,0.11338429655458632
Neuron 323,0.582056200578211,0.07847646447734062,0.23457363246383633,-0.06289517717449282,-0.0507453741086111
Neuron 324,-0.20583156634391672,-0.31289197242131384,-0.6020960902575451,-0.4073663532744615,0.060807094616093176
Neuron 325,1.1576863746044526,0.11937770129014376,0.03384667409935299,0.05376262947038939,-0.04627760185065072
Neuron 326,1.7919270790656543,0.3457528232964698,0.18895192311214376,0.143378142939432,0.12172963520240263
Neuron 327,1.9626436882702931,0.39821464000371926,0.22153597228070893,0.1533416147597014,0.11729265452409418
Neuron 328,1.940561944158818,0.3808628952346791,0.20813381303745374,0.13759392953438576,0.10263217363333545
Neuron 329,2.301603914570219,0.34079772474846826,0.17589605649349435,0.08316338747171076,0.043185899446293134
Neuron 330,0.12932324502095227,-0.03592203945031163,-0.07197708959135968,-0.011334667778854019,0.0015002156241859185
Neuron 331,0.07702422933506516,-0.5510020475592924,-0.4236334955852821,-0.31003735221288564,0.01728392359291218
Neuron 332,0.4636569277641961,-0.2617623729807871,-0.7745094402268374,-0.2691774685561536,-0.028712539340669443
Neuron 333,-0.1995292914885281,0.07675365464108058,0.23151157163765115,-0.061725179482832564,-0.07195349504587828
Neuron 334,0.11841041355767967,0.11875576067996693,0.18242286888990847,-0.018901247036331566,-0.024403479534502805
Neuron 335,0.9266463574247619,1.58679230730862,2.7605091499980174,1.1663675580097947,-0.03692984086636429
Neuron 336,1.8338145552612977,0.33705751210304535,0.1683489760512301,0.10743011643681251,0.07387450972452769
Neuron 337,1.6758601224333618,0.2560233976267778,0.11434035582377279,0.06155396523971313,0.023408061623734943
Neuron 338,-0.22298168073054558,0.2950238836530093,0.42109475653808276,0.18300892006542546,-0.050528544636012855
Neuron 339,1.215060604979122,0.1601893469295133,0.08813634401939226,-0.01917381343215005,-0.057232491111374406
Neuron 340,1.553045398172554,0.2086561677214131,0.058767970879666766,0.03494174030353769,0.015650924421694128
Neuron 341,-8.004512618191958,-0.9651063408513739,-1.050722773549316,-0.484261011671056,-0.225567880319037
Neuron 342,-0.025175966056992623,-0.5227607345681781,-0.6119186429121446,-0.26513809887585255,0.003501609128041692
Neuron 343,1.1854568609752905,0.1718311396918532,0.07067091705825894,0.003775214997862876,-0.05738029266121979
Neuron 344,0.1392236334792906,-0.0007562678992088374,-0.00121500503824425,-6.297361360506332e-05,5.396570664216087e-05
Neuron 345,2.9895931908420033,0.4346212613378935,0.2592116418048611,0.14762784756835579,0.11713120971356202
Neuron 346,0.11490857953355857,0.03878338602179019,0.39561071348306237,-0.21637310222301948,-0.15571620742150108
Neuron 347,0.21511137307452494,0.014130338504198663,0.012342592167184892,0.001975969024915651,-0.0031414552442525926
Neuron 348,0.12177407867157432,-0.00465692006484202,-0.004755970693581091,-0.000824103113050341,0.000375605908883841
Neuron 349,0.31995709495879054,0.20571804280409972,0.20125535652575507,-0.10017565375497986,-0.04978614533014663
Neuron 350,2.0482211323663977,0.39270227467942476,0.21937989010525608,0.15144911272806946,0.11585136535762058
Neuron 351,0.24009053286643892,0.12824029076871424,0.3558038490069179,0.05051221447137241,-0.049575607412609024
Neuron 352,1.758644936696927,0.24748637184052158,0.1179916407714567,0.05927652172079466,0.05358726239343493
Neuron 353,1.9355153696629648,0.3842617591210793,0.20918582175780917,0.14358145413292925,0.1084440416498016
Neuron 354,-1.9135555451126556,-8.537372984391586,-22.792839408767726,-19.914106973511426,-42.630893045546756
Neuron 355,0.4685385823905323,-0.05911401839633508,-0.10877141824687325,0.0451924606262875,0.023178741561685295
Neuron 356,0.10730092092606396,-0.11429847761570061,-0.23100189422776168,-0.05283986397770845,0.0019251650000813416
Neuron 357,-0.31951192467179274,0.2516815098670254,0.4716450627869353,0.06378765074254047,-0.0201991964084328
Neuron 358,0.24629983878371067,0.23794013602801853,0.5012357805602372,0.1720176819858854,0.016511500305887557
Neuron 359,1.2797201387341066,0.16434314692221663,0.1163425203325525,0.0077512247095901645,-0.07494639430047315
Neuron 360,-0.18417208243071045,0.08254543447183234,0.1471948939234793,0.09054762438116332,-0.007663720717296503
Neuron 361,0.582259415559667,0.2189606066318814,0.2112609766278056,0.10313185866808997,-0.0022440429395482165
Neuron 362,-0.013213042795124022,0.19676770448500847,0.2505166589777649,0.08505704264322912,-0.0036485230861997586
Neuron 363,0.5763004322181808,0.04774346309937846,0.13212100452181463,-0.031215276800028547,0.000957092658681242
Neuron 364,1.9075259863755976,0.3719652311536134,0.19795823388836065,0.1324981410420506,0.09781727053245949
Neuron 365,1.8889177218321869,0.35684800020890645,0.18398496640379544,0.12500648920288862,0.08991367658337945
Neuron 366,-0.015469410375281814,0.32324683884165334,0.390331733999085,0.163397333062447,-0.007391482627592692
Neuron 367,0.9637628131858108,-2.1418715748000925,-2.892730508548274,-1.3466802796767359,-0.06505171190499838
Neuron 368,0.186335639602925,0.3256348657871633,0.33983457801613315,0.013966554115371569,-0.03943378355960076
Neuron 369,0.3854827257311065,-0.08862645316408882,-0.19537550640845405,-0.08347796539861987,0.11465986784580666
Neuron 370,1.6163011367958344,0.19128204499138218,0.02358119491932515,0.06104563285441134,0.05216380791832012
Neuron 371,2.8740434095238623,0.43731120288362274,0.2450269660046494,0.13054846376089196,0.09892753314811306
Neuron 372,0.8005256842475682,0.03361477598260583,0.30684548811259343,0.026433017124983898,-0.022133742683476457
Neuron 373,1.1498120137371681,0.046521455143375794,-0.025875699372559114,0.0020003995041696027,0.037582990042792606
Neuron 374,1.6109006482456507,0.2029268127222229,0.07516399202514869,0.010644047441631449,0.010709312569690575
Neuron 375,-0.6522768569815715,0.042205608937093506,0.09712076965933394,-0.31177157295551194,-0.09439783805483853
Neuron 376,-0.0013980515580561,-0.12102855321244482,0.02896066360974751,-0.002135138879271147,-0.02047242937516408
Neuron 377,-0.14509681015190873,-0.37237344761961194,-0.5361446363129985,-1.045954741676553,-0.014451920922223742
Neuron 378,1.9581213054917828,0.36760623559640615,0.1934525593460201,0.15354729378888893,0.11610450701337398
Neuron 379,1.9623397209146625,0.39836206553999737,0.22174968959162145,0.15365067164087773,0.11744708404577725
Neuron 380,0.61629565178215,-0.019037300716560273,-0.02559771263536226,-0.00674898296806485,0.0027808844901370906
Neuron 381,-0.1377254175584301,-0.4781931690311348,-0.6267510487139858,-0.2816582120378746,0.016133032343048425
Neuron 382,1.8845414050799136,0.34873233301984724,0.19266168783180126,0.12794357024955208,0.09592559036207583
Neuron 383,0.07541510879672932,0.333740588803798,0.501354138482946,0.27245229461547577,-0.02402155985311256
Neuron 384,1.2899599661607408,0.15329856390003227,-0.011089307720644644,-0.003492710035821585,0.02221437371629983
Neuron 385,1.9218182906479548,-0.07698304386899807,-0.15282449279701443,0.0040319467717072335,0.025419725167975898
Neuron 386,-0.22023046451639705,0.031069586136564645,0.10424305839247176,0.03887672385036912,-0.003103164776720354
Neuron 387,0.1534854248824711,-0.14955744037141327,-0.4176411581022554,-0.08540860616272813,0.011780502745201761
Neuron 388,0.03512440706028517,-0.2672352545203502,-0.6063930983092187,-0.4491030771230487,0.0027511693848896335
Neuron 389,2.186085750660885,0.4040129229642893,0.22412240477448772,0.15490312045969898,0.11833604255666974
Neuron 390,1.299409004938728,0.210973850435537,0.045293826675886543,-0.03574823979364331,-0.011172521976664202
Neuron 391,-0.13030411508873355,0.37887205156930176,0.5607274404936319,0.02489900211253191,-0.03287502003449223
Neuron 392,-0.45011268072064636,-0.03625721225315614,0.11353294211779544,-0.09626723964498542,0.013727817184518255
Neuron 393,-0.23275741491645946,-0.9050025734591906,-1.2269232996722943,-0.7570125549349332,0.050989197909301905
Neuron 394,1.8579553965869986,0.3084430654269842,0.1728036146676635,0.08314820494678032,0.06148358120399782
Neuron 395,1.8850574690799375,0.35943933403112577,0.17912960366345976,0.11714945849326261,0.08824094059660088
Neuron 396,1.3596828157443202,0.6555510357883764,0.9697475445968359,0.3618257212470164,-0.046784866817352166
Neuron 397,0.2050601716336552,0.04619185500159542,0.043878836085381734,-0.025263618172796203,-0.006787796222308467
Neuron 398,1.1505627607659605,0.17341119093980759,0.017618564026997855,-0.0792683126660609,0.018214445824618695
Neuron 399,3.1564097885035434,0.43342195996058985,0.2792397979883866,0.14843194484223848,0.07655478678878898
Neuron 400,0.003793144250126546,0.11537992528942978,0.16604936613906768,0.00983754991286229,-0.002074066422508612
Neuron 401,-0.25173572627657526,-0.2373110761034797,-0.3250555922386425,-0.12852121834080618,-0.03481577663573652
Neuron 402,1.6332729788497844,0.12561624457658982,0.055665609176640395,0.017619401613596916,-0.005162801394032835
Neuron 403,0.3434870444578528,0.20764155232569087,0.15299593018047733,0.0963889198630342,0.0712942228802983
Neuron 404,1.9260086784190795,0.377819420275003,0.20827677382613308,0.13933887944686787,0.10268698541553736
Neuron 405,1.9218476695296973,0.3772087589032507,0.20318057792431213,0.13520183675901132,0.10222338658242137
Neuron 406,1.8993309054187257,0.3359862598516283,0.18651957409873077,0.10879030304602325,0.07352613291288787
Neuron 407,0.0021129086834397607,-0.007972735434715179,-0.007667152150977171,0.0017071983089064896,-0.0004826425978554456
Neuron 408,0.14559433927682358,0.30843286470904724,0.7152630578150847,0.21390972599208793,-0.021080936275537178
Neuron 409,1.33048465760669,0.19260084466762717,0.055085724565668175,-0.030167767862666773,-0.014399685245393175
Neuron 410,1.8326037685500063,0.33066974048544745,0.1646949874160616,0.10593088438392502,0.06447377645473734
Neuron 411,3.37827385559274,0.4328994272411584,0.2592896699767659,0.1541245092410629,0.11398053584427899
Neuron 412,2.243607490368029,0.34897992990495597,0.18192350522554038,0.10146113605077624,0.05778566505103883
Neuron 413,1.3946186692852722,0.14098726795005964,0.004568865782099228,0.00863430962694369,0.030327448779307636
Neuron 414,0.6036714821450013,0.6634389914387478,1.3272650429295054,-0.2168695137027954,-0.35896596235251016
Neuron 415,1.2070374928499672,0.1396430285848564,0.06838922621609744,0.009701840602405679,-0.048146262475039565
Neuron 416,1.5779962464150954,0.1613100251970025,0.09660125252785795,0.03851143381921447,-0.0619949219940838
Neuron 417,-0.225594764642035,0.29693120879460755,0.03301220053309377,-0.26390228727797777,-0.0020841663325294737
Neuron 418,1.8058691570492584,0.3106555806032903,0.1454837026428416,0.08749314282282625,0.07014998837334874
Neuron 419,1.6270356722521992,0.3098723487391935,0.06439865567109647,-0.129894921142366,-0.027926900897601817
Neuron 420,1.9585954040259754,0.3970310069759425,0.2208855132938256,0.15269246681567225,0.11675264352405679
Neuron 421,-0.4025094316087118,-0.898150577849603,-1.3721871437648856,-1.5325816667914778,-0.01088705363401924
Neuron 422,1.5608626378920267,0.24446242654968778,0.09893447145667159,0.038901378366055464,-0.009351484039172495
Neuron 423,1.1128602521471522,0.5158424178869784,0.4416595073951502,0.16209126991175127,-0.033620815441943494
Neuron 424,1.995992391877915,0.3890357265270781,0.21166740688384691,0.1427083332322873,0.10811599970749101
Neuron 425,0.19715399993620245,0.4281308448220858,0.8395803083475398,0.20159586536744048,-0.03394825758188321
Neuron 426,0.37529838052370806,-0.20051218818352454,-0.6238361827577834,-0.09266692041451367,0.005033456784870512
Neuron 427,0.1267839228536463,-0.0004738868747000459,-0.0009960758897214887,-2.3017558204661696e-05,4.3983658654545004e-05
Neuron 428,1.1853531874617318,0.35483302931643923,0.2591649295245663,0.1498825689209192,0.10060388686467592
Neuron 429,0.12107082703897079,-0.0014810982303108341,-0.002894037940328853,-0.00022943234184665852,0.00011551215779434126
Neuron 430,1.872298855312856,0.3432796955211494,0.18215274934056996,0.11677625335959323,0.08215547149525736
Neuron 431,0.7365544475472724,0.41833960643943824,1.4531088427629768,1.284675732990797,0.06941973417196255
Neuron 432,2.255674560600967,0.4083744855573807,0.21424920925388832,0.15520420604319857,0.11899537562939898
Neuron 433,1.9810327181540877,0.3986582165818974,0.2211817184630141,0.15301258117092073,0.116888572736855
Neuron 434,2.568768672836019,0.43181454315100526,0.25408921980743177,0.14787702407837489,0.11130276233434683
Neuron 435,0.2937247066313842,0.0812494158741319,0.14578880454360113,-0.06142102119064563,-0.013758517604849705
Neuron 436,0.32993038846220335,0.02477525347567765,0.10802016705531772,-0.12757036665028765,-0.0117795732474763
Neuron 437,0.29279713765773974,-0.15321772400827638,-0.028367882289510735,-0.19683459104461914,-0.032323039731422996
Neuron 438,1.9094683359753153,0.36569074962481873,0.19667640145535092,0.1316243091302649,0.09749872036730436
Neuron 439,1.1866264882726434,0.14621400679977695,0.09751186764423816,-0.00997929301634938,-0.07174704644466937
